names,scores,logfoldchanges,pvals,pvals_adj,log2fc,actual_fold_change,combined_rank
GYPA,-30.352242,-1.5886585,2.3470252742349034e-202,9.027106257140626e-200,-2.2919497,0.20419937,48.219345
RP11-717F1.1,-29.543165,-1.5954412,8.038684802307247e-192,2.7053523811764847e-189,-2.3017352,0.20281903,47.134384
GYPB,-29.10478,-1.480751,3.1231104460826557e-186,9.702062720388312e-184,-2.1362722,0.22746679,43.096935
HBG2,-26.957878,-1.3870028,4.6115540652500665e-160,1.201532973710477e-157,-2.001022,0.24982294,37.39065
HEMGN,-14.292359,-2.4500432,2.4419412309637533e-46,7.615273869688894e-45,-3.534665,0.08628985,35.0169
HBZ,-24.72586,-1.351833,5.638627065639045e-135,1.0843616859325373e-132,-1.9502827,0.25876552,33.425236
PITX1,-27.94294,-1.1588933,8.032429573992653e-172,2.317069059612095e-169,-1.6719297,0.3138333,32.38289
GMPPA,-20.935284,-1.3776515,2.5553930780341336e-97,2.6126468216812275e-95,-1.987531,0.2521701,28.841524
FAM178B,-15.341914,-1.8422529,4.011864863530389e-53,1.5001774306821734e-51,-2.657809,0.15846004,28.263685
LAPTM4B,-24.855637,-1.0035127,2.247321495269871e-136,4.427223345681646e-134,-1.4477628,0.36658946,24.942947
SRM,-24.272257,-0.97080755,3.8497545341855304e-130,6.615844121833304e-128,-1.4005792,0.37877706,23.56369
NME1,-24.010506,-0.94676346,2.1599587098171094e-127,3.560405407998529e-125,-1.365891,0.38799477,22.73227
RHAG,-14.885046,-1.48867,4.122055478208381e-50,1.4412918656921686e-48,-2.1476967,0.22567262,22.158922
MGST1,-19.320698,-1.1128856,3.597558764409982e-83,2.64158928546722e-81,-1.6055546,0.32860938,21.501726
UBAC1,-24.994747,-0.8584145,6.97263697637524e-138,1.4079497214545705e-135,-1.2384303,0.42383352,21.455853
PA2G4,-23.983782,-0.8921702,4.10624433043693e-127,6.633227091387816e-125,-1.2871295,0.40976548,21.397615
GYPE,-16.820637,-1.2633477,1.7229598861359904e-63,8.485577439219754e-62,-1.8226255,0.28270602,21.250313
HBG1,-18.10297,-1.1557341,3.0193421171819564e-73,1.8904826574014468e-71,-1.6673717,0.31482637,20.922218
MYL4,-20.302984,-0.9919003,1.2100669133362283e-91,1.136477960350781e-89,-1.4310097,0.37087122,20.138536
CYCS,-23.449661,-0.8458926,1.332477041019521e-121,1.9568031018753947e-119,-1.220365,0.4291741,19.835896
CMSS1,-20.770763,-0.92741925,7.958436988014939e-96,7.935838957061317e-94,-1.3379831,0.39557323,19.263206
RANBP1,-24.522514,-0.78525823,8.498809924018343e-133,1.5254419501399145e-130,-1.1328882,0.45600194,19.256506
C2orf88,-17.54723,-1.0891517,6.24531543178146e-69,3.4788560512068176e-67,-1.5713139,0.3365018,19.111595
CHST2,-12.862672,-1.4576094,7.300873774269007e-38,1.6945160193899647e-36,-2.102886,0.23279212,18.74875
GAD1,-14.564149,-1.2364204,4.748641365168783e-48,1.5465635607446878e-46,-1.7837776,0.29042196,18.00741
PVT1,-12.127115,-1.4770069,7.587545900936077e-34,1.5475911172187043e-32,-2.1308706,0.22832006,17.911833
UBE2S,-19.694906,-0.9087249,2.3843603425565892e-86,1.888086126159762e-84,-1.3110129,0.4030378,17.897251
PRELID1,-25.04417,-0.70597553,2.0207663247038216e-138,4.185058872982761e-136,-1.0185074,0.49362677,17.68057
WASF1,-11.036836,-1.5502307,2.5381577718054014e-28,4.091956152269906e-27,-2.2365103,0.212199,17.109642
ALAS2,-11.703474,-1.4592845,1.223405124886005e-31,2.250898221800515e-30,-2.1053026,0.2324025,17.0787
RAN,-23.8883,-0.713244,4.052658557573189e-126,6.294869840292048e-124,-1.0289936,0.49005187,17.038187
BLVRB,-16.716314,-1.0097717,9.969739355545107e-63,4.821891303876516e-61,-1.4567926,0.3643021,16.879662
CPED1,-15.756354,-1.0529336,6.2114535636966e-56,2.5860778574215174e-54,-1.519062,0.34891272,16.590395
GYPC,-22.40275,-0.73189,3.70023623446663e-111,4.669813760279215e-109,-1.0558941,0.48099908,16.396349
HK1,-17.150377,-0.9432706,6.244568815700229e-66,3.275154696390308e-64,-1.3608519,0.3893523,16.177446
TESC,-17.774593,-0.89123803,1.1120234056409812e-70,6.604274299531034e-69,-1.2857847,0.41014767,15.841393
DNAJC6,-9.761898,-1.6099626,1.6405488178397134e-22,2.0076837578320254e-21,-2.322685,0.1998951,15.71629
GTF2A2,-20.072956,-0.78248876,1.2720637340863482e-89,1.1167889978495037e-87,-1.1288927,0.45726654,15.706862
TXN,-22.256685,-0.68207926,9.717304371345703e-110,1.1542156971670478e-107,-0.98403233,0.5055647,15.180823
GAL,-17.257376,-0.8662773,9.848643543934411e-67,5.33875798015827e-65,-1.249774,0.42051408,14.949673
BCYRN1,-14.0654545,-1.0616752,6.192390910615177e-45,1.8593286760237467e-43,-1.5316736,0.34587592,14.932944
ODC1,-18.1711,-0.819673,8.742607689429366e-74,5.560160811615826e-72,-1.1825382,0.4405757,14.894361
ANP32B,-22.607956,-0.65497935,3.61917261264063e-113,4.7148479342416724e-111,-0.94493544,0.5194528,14.807744
YRDC,-16.734142,-0.88089633,7.391500086755565e-63,3.596454590405102e-61,-1.2708647,0.41441128,14.741045
CDC42EP1,-14.760445,-0.9860142,2.635364156934284e-49,8.981365525551989e-48,-1.4225178,0.37306067,14.554008
EIF5A,-21.671577,-0.6674864,3.8048871148921253e-104,4.328461017885028e-102,-0.9629794,0.51299644,14.465484
GDF15,-10.7022705,-1.3244495,9.931457651221393e-27,1.4772814631476093e-25,-1.9107767,0.26594934,14.174617
RP11-134O21.1,-9.55803,-1.4813344,1.2001938914251432e-21,1.4090066949187328e-20,-2.1371138,0.22733413,14.158639
CRYAB,-10.087777,-1.3915188,6.257035300317045e-24,8.24438403273422e-23,-2.0075374,0.24869727,14.037332
SLIRP,-19.871254,-0.69862854,7.217735345807758e-88,5.7720443948603235e-86,-1.007908,0.49726683,13.882626
FAM65C,-9.91755,-1.390626,3.4922327651838977e-23,4.414204075804435e-22,-2.0062492,0.24891944,13.791602
CKB,-17.653358,-0.7806479,9.588243966202262e-70,5.571528526260121e-68,-1.1262368,0.4581091,13.781056
LEPR,-9.608234,-1.4337667,7.380357314541206e-22,8.779255674454981e-21,-2.0684881,0.23840922,13.775967
GCSH,-16.988075,-0.81059015,1.0063845175740167e-64,5.210620351567521e-63,-1.1694344,0.4445956,13.770367
PPP1R14B,-19.9774,-0.68505424,8.661816836520312e-89,7.212525215316964e-87,-0.98832434,0.5040629,13.685602
UROD,-17.629929,-0.77384686,1.4515194543989117e-69,8.314838746936176e-68,-1.116425,0.46123537,13.642865
BCAT1,-15.857257,-0.84913844,1.2524650622562624e-56,5.438795864432168e-55,-1.2250478,0.42778337,13.465007
CD3EAP,-13.704718,-0.97507876,9.513616227888739e-43,2.6225760502613426e-41,-1.4067413,0.37716264,13.363179
EEF1E1,-17.694443,-0.74827874,4.627826715974745e-70,2.7086200278933348e-68,-1.079538,0.47318035,13.2403755
MLLT3,-10.970265,-1.2036031,5.311617010915815e-28,8.445261928576188e-27,-1.7364323,0.3001109,13.203846
PTMA,-20.320093,-0.6484435,8.541478754536525e-92,8.116414576516647e-90,-0.9355062,0.522859,13.176433
TPD52L1,-13.356456,-0.98047805,1.0861315031651984e-40,2.7674082495474157e-39,-1.4145309,0.3751317,13.095712
EIF2S2,-21.985247,-0.5930056,3.9861773405265506e-107,4.599479197061849e-105,-0.8555262,0.55266374,13.0373745
GADD45A,-15.252484,-0.8356041,1.5848692377678529e-52,5.845200380571209e-51,-1.2055218,0.43361247,12.745038
MYC,-14.532066,-0.8747506,7.58957371184477e-48,2.452039474822808e-46,-1.2619984,0.416966,12.711934
CACYBP,-17.582697,-0.72088194,3.342925541581969e-69,1.8750562221776086e-67,-1.0400128,0.48632318,12.675049
ASNS,-9.232533,-1.3688244,2.6430501387303878e-20,2.892671540721591e-19,-1.974796,0.2544059,12.637716
TOMM40,-17.081821,-0.7348116,2.0269336541306875e-65,1.0562285886718428e-63,-1.060109,0.47959578,12.551921
NQO2,-15.467093,-0.806165,5.786144618784234e-54,2.2686742760155467e-52,-1.1630502,0.4465674,12.469029
ICAM2,-12.078787,-1.0285909,1.367220905807773e-33,2.7538761237429883e-32,-1.483943,0.35751036,12.42413
TKFC,-10.953814,-1.1337415,6.37074555797642e-28,1.0109334355948043e-26,-1.6356432,0.32182688,12.418793
SET,-20.52586,-0.60060704,1.2650646738120333e-93,1.231075586792746e-91,-0.8664928,0.5484786,12.327976
SNTA1,-9.647272,-1.2747582,5.048077755128455e-22,6.0404924486181534e-21,-1.8390874,0.27949855,12.297939
PPP1R14A,-19.104357,-0.6421445,2.3227576187460375e-81,1.6901723681632203e-79,-0.92641866,0.52616286,12.267757
PHB,-18.354862,-0.6662845,3.018534711670907e-75,1.9821711273305622e-73,-0.96124536,0.51361334,12.22956
SLC25A37,-15.485553,-0.7839568,4.3431227453196264e-54,1.7111903616559327e-52,-1.1310107,0.45659575,12.140005
PAICS,-16.223124,-0.73206854,3.4613239502227403e-59,1.570624356513993e-57,-1.0561516,0.48091316,11.876438
NOP16,-15.34335,-0.77293354,3.924057472862351e-53,1.4741680096888006e-51,-1.1151074,0.46165678,11.85939
MRPL14,-19.037169,-0.61784005,8.394428055129874e-81,6.0537317322575e-79,-0.8913548,0.5391076,11.761925
NCL,-18.245678,-0.64230114,2.239382849648014e-74,1.4355154981434133e-72,-0.9266447,0.5260805,11.71922
BEX4,-15.4141445,-0.75590634,1.3150028365443028e-53,5.0577513860801586e-52,-1.0905423,0.4695848,11.651649
MRPL21,-17.19132,-0.67140085,3.0842802985294216e-66,1.638929734948825e-64,-0.9686267,0.5109922,11.542267
C1QBP,-18.265776,-0.631734,1.5499306522604607e-74,1.0015031902646192e-72,-0.91139954,0.5316691,11.539112
CTTN,-11.898971,-0.96756786,1.1981571583238376e-32,2.3151950640625928e-31,-1.3959054,0.38000613,11.513062
ERMAP,-10.276745,-1.1140071,8.970650752962812e-25,1.2177469938097586e-23,-1.6071725,0.32824102,11.448367
PSMA7,-19.963194,-0.57218724,1.1511569134260855e-88,9.391812514891406e-87,-0.8254917,0.56428987,11.422685
PSMG1,-14.76978,-0.7441111,2.294603099724241e-49,7.853181879861311e-48,-1.0735254,0.47515646,10.990357
TFAP2B,-8.828407,-1.239216,1.0617652176907314e-18,1.047115709803179e-17,-1.7878107,0.2896112,10.940303
PDCD5,-17.178408,-0.63577676,3.8534838779815835e-66,2.0342868812063562e-64,-0.917232,0.529524,10.921633
POP7,-15.649326,-0.69502443,3.357534654696849e-55,1.376589208425708e-53,-1.0027083,0.49906227,10.876664
PRDX4,-15.384174,-0.6943303,2.090257204575638e-53,7.963682755357278e-52,-1.0017068,0.49940878,10.681698
KNOP1,-14.456928,-0.73274046,2.2669230498538246e-47,7.152319325652087e-46,-1.057121,0.48059013,10.593176
NPM3,-16.017212,-0.65615517,9.689771250197378e-58,4.276736742505149e-56,-0.9466318,0.5188424,10.509776
RPP25,-13.56964,-0.76847357,6.06188053614342e-42,1.6159012901132148e-40,-1.108673,0.46372035,10.42791
CD320,-13.85153,-0.75221586,1.245310928271672e-43,3.566800130372445e-42,-1.0852181,0.47132102,10.419341
ARPC5L,-15.63334,-0.6646008,4.3157544637933e-55,1.751675819299421e-53,-0.9588163,0.51447886,10.38993
STRAP,-13.949835,-0.7426804,3.153365910165219e-44,9.194850706283204e-43,-1.0714613,0.4758368,10.360269
HSPE1,-18.043528,-0.570664,8.869651732526954e-73,5.5107828495092475e-71,-0.8232941,0.5651501,10.296791
TXNL4A,-16.425215,-0.6267284,1.2623775561219615e-60,5.89377082126999e-59,-0.90417796,0.53433704,10.294148
TIMM13,-19.686384,-0.5209206,2.8211972838271168e-86,2.212311695288507e-84,-0.7515295,0.59397346,10.255043
DDX21,-15.695599,-0.65180254,1.621050731949194e-55,6.680217735690632e-54,-0.94035226,0.52110565,10.230431
EBNA1BP2,-14.498776,-0.69951606,1.2332825543982817e-47,3.9217414141239845e-46,-1.0091883,0.49682564,10.142127
LDHA,-15.166772,-0.6675066,5.869295371656664e-52,2.1354188611203098e-50,-0.9630084,0.51298606,10.12392
NOP56,-15.766473,-0.6312947,5.292363485619118e-56,2.2148404079453686e-54,-0.91076577,0.5319027,9.953291
NANS,-12.898904,-0.7711269,4.5654730179918225e-38,1.0657608545179177e-36,-1.112501,0.46249157,9.946692
POLR3K,-15.339692,-0.6479218,4.1515991394734694e-53,1.545274942374526e-51,-0.93475354,0.52313185,9.938921
STRA13,-15.169587,-0.65255845,5.6229785881966654e-52,2.055058735604727e-50,-0.94144285,0.52071184,9.899042
TMEM163,-7.1938887,-1.3555458,6.29716157231149e-13,4.299422994045638e-12,-1.9556391,0.25780654,9.751645
CCDC58,-13.287979,-0.7316397,2.718194086623195e-40,6.860891761767358e-39,-1.0555329,0.48111945,9.7220125
ENO1,-16.966011,-0.5701913,1.4655368708006732e-64,7.444742959406942e-63,-0.82261217,0.56541723,9.673872
EMP2,-9.532469,-1.0083059,1.5358625813708702e-21,1.792653478285046e-20,-1.4546779,0.3648365,9.611645
NDUFAF2,-14.227252,-0.67503995,6.207340422649018e-46,1.9209459231316523e-44,-0.9738768,0.5091361,9.603964
PRMT1,-14.046984,-0.68286896,8.038578086855165e-45,2.395852221680043e-43,-0.9851717,0.50516564,9.592249
SLC38A5,-10.556633,-0.9080455,4.733376646864332e-26,6.8515202825668845e-25,-1.3100327,0.40331173,9.585903
MRPL12,-15.327942,-0.6245873,4.975045956023948e-53,1.8432773480185974e-51,-0.901089,0.53548235,9.573638
WDR18,-13.027828,-0.73417854,8.499283513325946e-39,2.013158737159345e-37,-1.0591958,0.47989953,9.564752
POLD2,-14.753185,-0.64688087,2.9347996361151096e-49,9.91814923050282e-48,-0.9332518,0.5236767,9.543553
MRPL36,-14.526725,-0.65668756,8.205031988151744e-48,2.640320452920384e-46,-0.94739985,0.51856625,9.539519
RELN,-10.369863,-0.9170452,3.400117732300973e-25,4.7268073879165164e-24,-1.3230165,0.39969832,9.509632
ZFP36L1,-10.863485,-0.87179655,1.7205472759130117e-27,2.667343636765719e-26,-1.2577366,0.41819957,9.470749
GAR1,-13.635515,-0.6916604,2.462445650858678e-42,6.674219302679711e-41,-0.997855,0.5007439,9.431146
PAFAH1B3,-14.222968,-0.66139585,6.5993473701037386e-46,2.0344629277987747e-44,-0.9541925,0.5161304,9.407012
KLF1,-12.05247,-0.7782023,1.882238482419207e-33,3.753787709259243e-32,-1.1227086,0.4592308,9.37926
BRIX1,-13.179095,-0.7092505,1.1577116243345973e-39,2.842199632143022e-38,-1.0232322,0.4920128,9.3472805
AQP10,-6.9435725,-1.3426602,3.8230654005878766e-12,2.4468224437835403e-11,-1.9370492,0.26115003,9.322859
MRPS34,-15.545875,-0.5986426,1.696906518162676e-54,6.75168174738913e-53,-0.86365867,0.5495571,9.306422
DMWD,-9.540946,-0.97076607,1.4153472260117e-21,1.6543790947172938e-20,-1.4005194,0.37879273,9.262027
RRP9,-11.881203,-0.77763575,1.4821992128451176e-32,2.8436396774703123e-31,-1.1218913,0.45949107,9.239248
TFDP1,-14.584175,-0.63285124,3.541763241581604e-48,1.15817091911962e-46,-0.9130114,0.5310754,9.229613
SNRPB,-16.983465,-0.5407748,1.0886425358671608e-64,5.600615135158635e-63,-0.7801731,0.5822969,9.184231
TIMM50,-13.125281,-0.697832,2.3590470890027412e-39,5.687768160559743e-38,-1.0067587,0.49766308,9.159241
LYAR,-12.818811,-0.7126319,1.2865800107061445e-37,2.935510380359754e-36,-1.0281105,0.49035195,9.135094
HNRNPAB,-14.945083,-0.6098097,1.676835159357829e-50,5.914322088267766e-49,-0.87976944,0.5434543,9.113656
MRPL41,-16.487213,-0.5508095,4.533822188858779e-61,2.166845078071737e-59,-0.79465014,0.576483,9.081314
RRP15,-13.053075,-0.6942113,6.103310040840564e-39,1.4584744141973146e-37,-1.0015352,0.49946824,9.061592
GPATCH4,-13.383839,-0.67542326,7.516273226724689e-41,1.921168951020738e-39,-0.9744298,0.50894094,9.039756
MIF,-16.451654,-0.54733694,8.160891419924457e-61,3.854708771855546e-59,-0.7896403,0.57848835,9.004598
PTTG1,-13.666775,-0.65784496,1.603453145330339e-42,4.3902003575705585e-41,-0.9490697,0.5179664,8.990619
NDUFAB1,-16.054585,-0.55968684,5.309269761937113e-58,2.3692249650367994e-56,-0.80745745,0.57138795,8.985539
ESAM,-8.893309,-1.0103654,5.931583780185333e-19,5.9737409217652036e-18,-1.4576491,0.3640859,8.985491
TMEM147,-14.5075245,-0.61914724,1.085686512998961e-47,3.4797976053542096e-46,-0.89324063,0.5384034,8.982294
ATP1B3,-14.783848,-0.6068792,1.8621587708699306e-49,6.427630936887364e-48,-0.87554157,0.54504925,8.97201
HHEX,-12.829493,-0.6988786,1.1209564585394179e-37,2.572149237392863e-36,-1.0082687,0.4971425,8.966258
CISD1,-13.765088,-0.64846915,4.133815921627383e-43,1.1553228788575907e-41,-0.93554324,0.52284557,8.926235
POLR2F,-15.078431,-0.5903546,2.2453972852615644e-51,8.0248114482555995e-50,-0.8517017,0.55413073,8.901622
PLA2G12A,-13.146969,-0.67531264,1.7713516981074596e-39,4.283595109465255e-38,-0.97427016,0.50899726,8.878314
SNHG15,-12.075015,-0.731019,1.4313794041338174e-33,2.87593319581812e-32,-1.0546376,0.48141813,8.827065
DDX1,-15.612518,-0.56198794,5.9827767291737084e-55,2.4041237632604997e-53,-0.8107772,0.5700747,8.774047
TSPAN13,-11.238541,-0.7755772,2.637066245628159e-29,4.474702534861059e-28,-1.1189214,0.46043795,8.716355
RRP1B,-13.0476675,-0.6679237,6.552303235109772e-39,1.5611490628313165e-37,-0.9636102,0.51277214,8.714847
DLEU1,-12.562555,-0.69194365,3.391996805422963e-36,7.42470411853693e-35,-0.99826366,0.5006021,8.69258
CKS1B,-14.2486105,-0.6099977,4.572864771679415e-46,1.42057802926364e-44,-0.88004065,0.5433521,8.69162
APOE,-15.78632,-0.54728895,3.8648172295064513e-56,1.6258400397251878e-54,-0.78957105,0.57851607,8.639678
NDUFA5,-15.050334,-0.57401,3.434954012454878e-51,1.2222080862818525e-49,-0.8281214,0.5632622,8.639043
FAM184A,-10.212432,-0.8458075,1.744375411425979e-24,2.3326689069681512e-23,-1.2202423,0.42921063,8.637752
VDAC1,-14.85119,-0.5798715,6.834528654709385e-50,2.3794175837968838e-48,-0.8365777,0.5599703,8.611781
PIK3CD-AS2,-9.326245,-0.9169286,1.0968763462471522e-20,1.2253762446249305e-19,-1.3228483,0.39974493,8.551501
MLLT11,-11.191064,-0.7628487,4.509889551880895e-29,7.49513948776584e-28,-1.100558,0.4663361,8.537088
SRRM1,-15.241472,-0.5596087,1.8759549771697453e-52,6.887312886636379e-51,-0.8073447,0.57143265,8.529261
SLC7A5,-10.293308,-0.8262475,7.553532009917245e-25,1.0305722642584727e-23,-1.1920232,0.43768865,8.504821
CMBL,-12.972096,-0.6538575,1.761458883817842e-38,4.160030235262196e-37,-0.943317,0.5200358,8.481903
ATP5G1,-16.018045,-0.5293583,9.560874728031539e-58,4.243032152654436e-56,-0.76370263,0.5889828,8.479286
RP11-844P9.2,-9.188552,-0.9185346,3.9816583711745983e-20,4.328378824223046e-19,-1.3251653,0.39910346,8.440002
RFESD,-9.869132,-0.8514434,5.665293662321953e-23,7.08337103878861e-22,-1.2283732,0.42679843,8.4030075
NOLC1,-12.199534,-0.68750393,3.1260710172795283e-34,6.474173232453012e-33,-0.99185854,0.50282955,8.387228
PSMB2,-15.42218,-0.5432325,1.1611657883836079e-53,4.487433527643254e-52,-0.7837188,0.5808675,8.37783
DNAJC9,-13.252899,-0.6319077,4.341012903590797e-40,1.0855220192663428e-38,-0.9116501,0.53157675,8.374609
TMA16,-13.8539295,-0.60419774,1.2043823582961566e-43,3.4618492199138986e-42,-0.8716731,0.54651266,8.370513
CDK4,-14.664901,-0.5683893,1.0817500485555613e-48,3.566242915176844e-47,-0.8200124,0.56643707,8.335373
BOLA3,-14.587158,-0.5690812,3.39027719208534e-48,1.1131410114013533e-46,-0.8210106,0.5660453,8.301277
HBQ1,-12.479438,-0.6624921,9.666678297073586e-36,2.0957480931123148e-34,-0.95577407,0.5155649,8.267529
HBA1,-9.839435,-0.83891827,7.61374198332618e-23,9.431931594988582e-22,-1.2103032,0.43217775,8.254481
HMGCS1,-10.056173,-0.82042474,8.628720133381721e-24,1.124099556731035e-22,-1.1836227,0.44024462,8.250334
C20orf27,-12.691998,-0.6444355,6.549354656823147e-37,1.4653500710016776e-35,-0.9297239,0.5249588,8.179174
RNASE1,-6.7559075,-1.2073021,1.419439892006753e-11,8.607219225028936e-11,-1.7417687,0.2990029,8.156422
NHP2,-15.346538,-0.52925116,3.736014020945613e-53,1.4100834227653138e-51,-0.763548,0.5890459,8.122172
TCEB1,-14.500326,-0.5551364,1.2057573586354223e-47,3.84936845284518e-46,-0.80089253,0.573994,8.049659
STMN1,-14.915785,-0.5396244,2.601990975195778e-50,9.137513524633173e-49,-0.77851343,0.5829672,8.048922
FKBP4,-11.924586,-0.6729587,8.812069375798771e-33,1.7192049359499198e-31,-0.97087413,0.5101968,8.024754
EI24,-14.786824,-0.5396053,1.7816381713830857e-49,6.17609077693613e-48,-0.7784859,0.5829783,7.979049
PNO1,-10.816508,-0.73333013,2.875248194363719e-27,4.406713409084584e-26,-1.0579717,0.48030683,7.932071
TOMM5,-12.765863,-0.61960036,2.5431471766632095e-37,5.753781441431021e-36,-0.8938944,0.5381595,7.9097333
MAD2L1,-12.249957,-0.6447247,1.6808449109879457e-34,3.499016584033412e-33,-0.93014115,0.52480704,7.89785
CMC2,-12.304243,-0.6418289,8.593847954012051e-35,1.8076174459519617e-33,-0.92596334,0.526329,7.8972187
EIF1AX,-14.43837,-0.5459799,2.967801715269651e-47,9.327211849896098e-46,-0.78768253,0.5792739,7.88306
UBE2D2,-14.098006,-0.5588932,3.906513628263169e-45,1.18175695039257e-43,-0.80631244,0.5718416,7.87928
PYCR1,-12.294473,-0.6369378,9.69880630922926e-35,2.034733988562201e-33,-0.918907,0.52890956,7.8308144
CARM1,-10.742195,-0.7151634,6.449221320331663e-27,9.700253371381535e-26,-1.0317627,0.48911217,7.682425
TSTA3,-10.806419,-0.7105429,3.2095601454319676e-27,4.9097760027753795e-26,-1.0250968,0.49137732,7.678425
CCDC34,-12.510794,-0.61253,6.516985330202852e-36,1.4226402841094174e-34,-0.883694,0.54197794,7.663236
SLC39A8,-10.689924,-0.7160026,1.1346343348225188e-26,1.6815489031855934e-25,-1.0329734,0.48870188,7.654013
TDG,-13.149267,-0.58006656,1.7183169019210278e-39,4.1678215065513935e-38,-0.83685917,0.5598611,7.62745
ACP5,-9.927669,-0.76748353,3.1554745683149726e-23,3.994791236407529e-22,-1.1072447,0.4641797,7.6193223
WDR43,-12.801561,-0.59402376,1.6068665299325186e-37,3.655960834440832e-36,-0.85699517,0.5521013,7.6044316
HN1,-12.8286915,-0.591672,1.1326039282335697e-37,2.591513294148029e-36,-0.8536023,0.5534012,7.590378
OXNAD1,-8.995194,-0.84142214,2.3581345191713338e-19,2.4481558497875143e-18,-1.2139156,0.431097,7.5687556
MTCH2,-13.278125,-0.56945986,3.100622578872108e-40,7.801784601105924e-39,-0.8215569,0.565831,7.561359
WBP5,-12.477741,-0.6022406,9.874775446324783e-36,2.132581852405489e-34,-0.8688496,0.54758334,7.5146027
PIH1D1,-12.103011,-0.62085265,1.0180710809975468e-33,2.0660703822153732e-32,-0.89570105,0.53748596,7.5141864
WBSCR22,-11.378573,-0.6569709,5.346697474450468e-30,9.267226502389791e-29,-0.9478087,0.51841927,7.475392
HDDC2,-13.845679,-0.53910834,1.3509827196456473e-43,3.855790610098195e-42,-0.7777689,0.5832681,7.464321
MRTO4,-11.753206,-0.6350633,6.798899306333525e-32,1.2860587751113791e-30,-0.91620266,0.5299019,7.46403
C19orf48,-12.318134,-0.6057753,7.234845352224869e-35,1.525740102086691e-33,-0.873949,0.5456512,7.4620214
NUDT5,-12.155929,-0.6053639,5.335184424309599e-34,1.0937128069834678e-32,-0.8733555,0.5458757,7.3587604
MRPS12,-13.394115,-0.5485034,6.545117271609011e-41,1.6835959300250313e-39,-0.7913231,0.5778139,7.346718
GNPNAT1,-8.757371,-0.83881897,1.9985731630108538e-18,1.9448765587516465e-17,-1.21016,0.4322207,7.345849
PCMT1,-12.198596,-0.60172766,3.1622768374991655e-34,6.532406653831396e-33,-0.8681095,0.54786426,7.340233
FRA10AC1,-8.166973,-0.8984187,3.1622284935063023e-16,2.663328419400459e-15,-1.2961442,0.40721306,7.3373613
NTMT1,-12.15606,-0.6016098,5.326593586724383e-34,1.0937128069834678e-32,-0.86793953,0.54792887,7.3132052
NXT1,-11.237746,-0.6463399,2.66088509952541e-29,4.505653867686947e-28,-0.93247133,0.52396,7.263404
TIMM17A,-13.305078,-0.54310715,2.162673297994045e-40,5.475834554199969e-39,-0.783538,0.58094037,7.226083
RAD23A,-12.604759,-0.57273483,1.9877800845433724e-36,4.3987122583169366e-35,-0.8262817,0.56398094,7.219185
TMEM98,-11.220335,-0.64281005,3.240417388562826e-29,5.441341215680239e-28,-0.9273789,0.5258128,7.212544
SQLE,-11.728925,-0.61354256,9.060231410967539e-32,1.6822871058939034e-30,-0.8851548,0.5414294,7.1961946
GINS2,-11.524112,-0.62363064,9.97353007813352e-31,1.7743656925348995e-29,-0.8997088,0.5359949,7.186789
SSBP1,-13.496987,-0.5311135,1.629031828848445e-41,4.271977299223665e-40,-0.7662348,0.58794993,7.168432
TIMM44,-12.67846,-0.5650855,7.784578609995166e-37,1.732122353524269e-35,-0.815246,0.5683116,7.1644135
PDP2,-6.739823,-1.0608397,1.5857996633972974e-11,9.551457033005198e-11,-1.5304681,0.34616503,7.1498713
CTSL,-10.908015,-0.6453693,1.0553485941659e-27,1.6519477897437933e-26,-0.9310711,0.52446884,7.039698
PKIG,-10.089433,-0.6946461,6.152396772487918e-24,8.119756328657666e-23,-1.0021625,0.49925107,7.0085855
FASN,-11.187714,-0.625341,4.6835569548025086e-29,7.7518626073647255e-28,-0.9021764,0.53507894,6.996136
PLD6,-5.859021,-1.1919945,4.65603361841876e-09,2.2371673727524283e-08,-1.7196846,0.3036151,6.9839215
SLC27A5,-11.185597,-0.62367445,4.796657456615154e-29,7.922822551550225e-28,-0.89977205,0.5359714,6.9761715
YIF1A,-11.743794,-0.594004,7.599895662731603e-32,1.4275431922763526e-30,-0.8569666,0.5521122,6.9758606
UFD1L,-13.540946,-0.5151335,8.962738596954238e-42,2.3735094966426025e-40,-0.7431806,0.5974209,6.9753947
C8orf33,-12.683046,-0.54888016,7.342153002913264e-37,1.6381925360367523e-35,-0.79186666,0.5775963,6.9614725
HSPD1,-13.743396,-0.5057585,5.5795891983940396e-43,1.5540117915665053e-41,-0.7296553,0.60304797,6.9508395
FAM162A,-11.411535,-0.60453326,3.6620623630650845e-30,6.402267901834781e-29,-0.87215716,0.5463294,6.8986526
PFDN2,-13.4242735,-0.51261073,4.358369531835557e-41,1.1246821312663194e-39,-0.73954093,0.5989299,6.881427
NDUFA8,-13.032876,-0.5274632,7.955167200712806e-39,1.8898201611810978e-37,-0.76096857,0.59010005,6.8743625
HCCS,-10.132515,-0.6779523,3.963206905675626e-24,5.264937858082571e-23,-0.9780784,0.5076555,6.869362
CCT2,-12.713787,-0.540084,4.957434137443139e-37,1.1122554313368954e-35,-0.77917653,0.5826993,6.8665133
POLR3G,-8.281267,-0.82675225,1.2187122950647368e-16,1.0527849419505752e-15,-1.1927514,0.43746775,6.846556
NFIA,-7.500657,-0.9105333,6.349869900462427e-14,4.599811586191483e-13,-1.3136219,0.40230963,6.829598
CCT6A,-13.15368,-0.5172603,1.6209048534428417e-39,3.955301662011429e-38,-0.7462489,0.5961516,6.8038764
SSSCA1,-10.723356,-0.63346314,7.908057242568687e-27,1.1850348487611741e-25,-0.9138941,0.5307505,6.792851
AQP3,-6.173114,-1.0995227,6.695798378974196e-10,3.4846625970988773e-09,-1.5862759,0.33303,6.787479
MRPL42,-11.359698,-0.59695375,6.637323495399132e-30,1.1430631529283324e-28,-0.8612222,0.550486,6.7812147
C1orf109,-9.288351,-0.72996575,1.5669695530976778e-20,1.7337552164890335e-19,-1.053118,0.48192552,6.780178
RGCC,-7.986328,-0.84756094,1.3901720839536765e-15,1.1250921765625095e-14,-1.222772,0.4284587,6.7689
SLC25A39,-12.458365,-0.5431252,1.2592587094333398e-35,2.712275358958156e-34,-0.78356403,0.58092993,6.7664523
PSMD11,-11.43091,-0.59155285,2.9302246433024783e-30,5.156301621776497e-29,-0.8534304,0.55346715,6.7619877
GARS,-10.536573,-0.6387262,5.85952383098842e-26,8.466435417333357e-25,-0.9214871,0.5279645,6.729985
SMIM4,-12.419116,-0.54136854,2.0582334401038394e-35,4.4213700786485936e-34,-0.7810297,0.58195126,6.7233186
TIMM8A,-10.938525,-0.61414945,7.541672053760726e-28,1.1850989334285095e-26,-0.8860304,0.541101,6.7178893
AK2,-13.239016,-0.5070345,5.222876738207972e-40,1.2980053973694088e-38,-0.73149616,0.602279,6.7126374
UBE2M,-12.359218,-0.5430515,4.3436525618332503e-35,9.232547826822939e-34,-0.7834577,0.58097273,6.7116914
C12orf73,-10.085852,-0.6649842,6.380949088218973e-24,8.393961854323232e-23,-0.9593694,0.51428163,6.706932
NEXN,-6.3453093,-1.0557233,2.2197939521508843e-10,1.2016940852227005e-09,-1.5230868,0.3479407,6.6988907
ABCF1,-13.091621,-0.5098316,3.676732268430708e-39,8.812156240983628e-38,-0.7355315,0.6005967,6.6745224
MRAP2,-6.7942076,-0.9805247,1.0890963118566133e-11,6.694544072196244e-11,-1.4145981,0.3751142,6.6618886
AFMID,-8.799006,-0.7556007,1.3803265360177238e-18,1.3530215329387325e-17,-1.0901014,0.46972835,6.6485353
AK4,-9.353156,-0.7068412,8.507091756192836e-21,9.569885809856482e-20,-1.0197562,0.49319968,6.6111956
REXO2,-11.488809,-0.574645,1.5016922676034436e-30,2.659905360840573e-29,-0.8290375,0.56290466,6.6019864
CTXN1,-7.2672186,-0.90786314,3.669652611474076e-13,2.531151506650394e-12,-1.3097696,0.40338528,6.59764
FDXR,-9.013757,-0.7315193,1.9911618047386622e-19,2.083240142082147e-18,-1.0553592,0.48117742,6.5937366
TIMM10,-11.935619,-0.5495183,7.718198117595417e-33,1.513104033879082e-31,-0.7927873,0.57722783,6.558841
PDCD11,-10.621374,-0.61602634,2.3704555705041356e-26,3.4559873001736293e-25,-0.88873816,0.5400863,6.5430465
IFRD2,-10.360109,-0.62775326,3.7653134035127033e-25,5.216541399686468e-24,-0.9056565,0.53378975,6.5035925
SLC1A5,-10.85245,-0.59855497,1.9415036966551525e-27,3.00412363177848e-26,-0.8635323,0.54960525,6.495788
TBXA2R,-6.930664,-0.93209773,4.188696336760531e-12,2.670252589740711e-11,-1.3447328,0.39372692,6.4600563
CISD2,-12.718842,-0.50726736,4.646986326335071e-37,1.045507202167364e-35,-0.7318321,0.6021388,6.4518533
SAE1,-11.128327,-0.5772336,9.13333498997124e-29,1.4872973127822118e-27,-0.8327721,0.5614494,6.4236445
FAM83A,-10.058533,-0.63495564,8.424491002702017e-24,1.0992667823719577e-22,-0.91604733,0.529959,6.386722
TMOD1,-7.942533,-0.8005131,1.9809347942265538e-15,1.577910289247325e-14,-1.1548963,0.44909847,6.358102
EIF2B3,-9.409377,-0.67484057,4.990856439224317e-21,5.693664895425821e-20,-0.9735891,0.5092376,6.349829
EMC6,-11.541938,-0.5482987,8.107765058515581e-31,1.4520270150250632e-29,-0.79102784,0.5779322,6.3284297
PDLIM1,-10.331624,-0.6073232,5.069491175757522e-25,6.975516222588332e-24,-0.8761822,0.54480726,6.2746353
PRR5,-6.959092,-0.9011945,3.424727939988212e-12,2.1953593310543482e-11,-1.3001488,0.4060843,6.271496
GATA2,-9.062632,-0.6919619,1.2734027053096822e-19,1.3462400066474219e-18,-0.99829,0.500593,6.2709956
TUBB6,-9.569523,-0.6549068,1.0740015838839755e-21,1.2645351010249082e-20,-0.9448308,0.5194904,6.2671456
MYBL2,-11.084011,-0.5649336,1.4999830765491413e-28,2.4279285188952734e-27,-0.8150269,0.56839794,6.26173
GLRX3,-10.374241,-0.6002214,3.2478279081315935e-25,4.522880347237738e-24,-0.86593646,0.54869014,6.2268414
YARS,-10.992467,-0.56322247,4.154129437525789e-28,6.644139300375406e-27,-0.81255823,0.56937134,6.1912045
SCLY,-7.3894014,-0.8366568,1.4749108473832008e-13,1.0431571728821466e-12,-1.2070407,0.4331562,6.182393
BIRC5,-11.155221,-0.5531139,6.75251959430584e-29,1.108538633398542e-27,-0.79797465,0.57515603,6.1701074
RAC3,-10.821252,-0.5694794,2.730233093010426e-27,4.192413059362208e-26,-0.8215851,0.5658199,6.16248
COQ3,-7.5637803,-0.8146873,3.915202556901825e-14,2.8748264592814585e-13,-1.1753453,0.44277778,6.162116
MRPL37,-12.119643,-0.5077093,8.312040423457936e-34,1.6910919521478527e-32,-0.73246974,0.6018727,6.153256
UBE2T,-10.481467,-0.5859942,1.051003700696101e-25,1.4971705274289961e-24,-0.8454109,0.5565523,6.142079
AMOTL1,-8.522835,-0.7196311,1.556951695927289e-17,1.4274119010221013e-16,-1.0382081,0.48693183,6.133297
MAK16,-8.736896,-0.69993955,2.396029996947891e-18,2.3176927287842056e-17,-1.0097994,0.49661532,6.1152987
HIGD1A,-11.288192,-0.5415421,1.500929718424822e-29,2.56300408788949e-28,-0.7812801,0.5818503,6.1130314
ATAD3A,-9.827091,-0.6219691,8.606863889775135e-23,1.0629608507295683e-21,-0.89731175,0.5368862,6.1121473
PPOX,-7.884351,-0.7705393,3.1617535631753875e-15,2.4745623575356207e-14,-1.1116532,0.4627634,6.075202
METTL5,-11.634115,-0.5218015,2.7644288445563986e-31,5.0175936578611305e-30,-0.7528004,0.5934505,6.0706983
C6orf25,-8.901175,-0.68175626,5.525898083853964e-19,5.572119703281956e-18,-0.98356634,0.505728,6.0684314
EXOSC8,-10.522801,-0.5765406,6.782610150858527e-26,9.765265987252107e-25,-0.83177227,0.5618386,6.066822
DCUN1D5,-11.539097,-0.5255442,8.380035509816008e-31,1.4974678498403517e-29,-0.75820005,0.5912335,6.064306
GNB1L,-9.886645,-0.6126012,4.7570243980380237e-23,5.96622454393682e-22,-0.88379675,0.5419393,6.056571
TRIB2,-7.820818,-0.7721702,5.248121914317804e-15,4.048622798657584e-14,-1.114006,0.4620093,6.0390024
DTYMK,-11.737812,-0.5122125,8.156984459534619e-32,1.5250917472143776e-30,-0.73896646,0.5991685,6.012254
C12orf45,-9.692708,-0.617009,3.2382634394844515e-22,3.915487095915556e-21,-0.8901558,0.53955585,5.980488
HMBS,-10.269295,-0.58135945,9.69108370962163e-25,1.3133369651445286e-23,-0.8387244,0.55913776,5.9701514
ADK,-8.881174,-0.66953707,6.615814674685159e-19,6.605183575702353e-18,-0.9659378,0.51194555,5.946275
FXN,-9.120721,-0.6505236,7.46261432637236e-20,8.004719244901667e-19,-0.9385072,0.5217725,5.933244
NUDC,-11.575314,-0.5121835,5.496962064733433e-31,9.910482722511592e-30,-0.73892456,0.5991858,5.928684
C19orf24,-11.479997,-0.5156313,1.662861163784411e-30,2.9389342713099976e-29,-0.74389875,0.5971235,5.919446
SPHK1,-8.036177,-0.7349454,9.268526010498204e-16,7.638967814978978e-15,-1.0603021,0.47953162,5.9061513
PSMD14,-10.977305,-0.5376676,4.913624809760578e-28,7.843349325777903e-27,-0.7756903,0.58410907,5.902141
SLC25A4,-10.032837,-0.5865684,1.0932972067114753e-23,1.4128898461773736e-22,-0.8462393,0.5562328,5.8849454
SOCS2,-10.764995,-0.5466381,5.0364238670164e-27,7.603587957736721e-26,-0.78863204,0.5788927,5.884556
MTHFD1L,-7.9381156,-0.7387455,2.0527605456267777e-15,1.6319042251011304e-14,-1.0657845,0.4777128,5.8642473
HOXC9,-9.253864,-0.6329476,2.1651899268008643e-20,2.372895391963444e-19,-0.91315037,0.5310242,5.8572116
GTPBP6,-8.130839,-0.7198271,4.263297202844707e-16,3.572559565703895e-15,-1.038491,0.48683643,5.8527985
DIMT1,-9.092747,-0.64353013,9.656772786540934e-20,1.0289941134154504e-18,-0.92841774,0.5254343,5.8514566
NDUFAF4,-9.858306,-0.59300244,6.310529990348738e-23,7.877921287797026e-22,-0.8555217,0.5526654,5.8459992
NDUFA12,-11.435306,-0.5077526,2.785527352901023e-30,4.9123808797776336e-29,-0.73253214,0.60184664,5.806306
MRPS7,-11.314994,-0.51123595,1.1061031083289222e-29,1.89279550973998e-28,-0.7375576,0.59975386,5.7846317
SNRPD3,-11.202963,-0.51288456,3.943206612199535e-29,6.580429712135463e-28,-0.739936,0.5987659,5.7458267
RUVBL1,-10.064493,-0.56641304,7.929506043381348e-24,1.03635307948853e-22,-0.81716126,0.5675576,5.70066
GSPT1,-10.950831,-0.5204784,6.584068380958357e-28,1.0406951137573512e-26,-0.7508916,0.59423614,5.6996717
MYH10,-8.982001,-0.6326221,2.658847864182024e-19,2.7532710511536166e-18,-0.9126808,0.5311971,5.682213
STXBP6,-7.9811506,-0.7107119,1.4497540350770206e-15,1.172138472604314e-14,-1.0253406,0.49129435,5.672299
KIF2A,-10.082828,-0.5592306,6.580440256392077e-24,8.64231153672826e-23,-0.80679923,0.5716487,5.638626
FAM216A,-8.378147,-0.6728232,5.3767264549390167e-17,4.735858187191105e-16,-0.9706787,0.51026595,5.6370115
GLRX5,-11.117625,-0.50443816,1.0297626482113676e-28,1.6701592187958263e-27,-0.7277504,0.6038447,5.6081543
POLR3H,-9.661878,-0.57946044,4.37763883487247e-22,5.26163524840252e-21,-0.8359847,0.5602006,5.5986757
ERI3,-9.851051,-0.5615887,6.78305318661576e-23,8.454740831527082e-22,-0.8102012,0.5703023,5.532239
BCCIP,-9.404639,-0.58751214,5.2209114847690254e-21,5.947715382578197e-20,-0.8476008,0.5557081,5.5253396
SLC10A4,-7.1095247,-0.77715397,1.1644329865078534e-12,7.798611303502433e-12,-1.1211962,0.4597125,5.525195
POP1,-7.992526,-0.6892138,1.3220175882885582e-15,1.0764048448192222e-14,-0.99432534,0.5019705,5.508559
RRP1,-9.696229,-0.5669963,3.1284932080326895e-22,3.788431730326842e-21,-0.8180027,0.5672267,5.497726
FEZ1,-6.234387,-0.8815531,4.535511649329329e-10,2.4037616529942905e-09,-1.2718123,0.4141392,5.495943
TRIAP1,-10.484745,-0.52368927,1.0151884813205519e-25,1.451270329845327e-24,-0.7555239,0.59233123,5.4907484
HBD,-7.9902506,-0.6840123,1.3466468205666949e-15,1.0931523989665522e-14,-0.9868211,0.50458837,5.46543
ARL4A,-7.4890857,-0.72916424,6.9355183897473e-14,5.010570843827276e-13,-1.0519617,0.48231193,5.4607735
FAM102B,-6.903522,-0.7904282,5.072884500132796e-12,3.201069383404109e-11,-1.1403469,0.4536505,5.4567385
RFC3,-9.952178,-0.54717964,2.467240396803397e-23,3.148167564767936e-22,-0.78941333,0.5785793,5.445629
MAGOHB,-9.453302,-0.57563573,3.283055364012276e-21,3.777384355431218e-20,-0.8304668,0.5623473,5.4416585
NOSTRIN,-5.5612464,-0.97464794,2.6785496002368348e-08,1.1946242474385927e-07,-1.4061197,0.37732518,5.4202576
BYSL,-8.168896,-0.662354,3.112255768673448e-16,2.623975975321027e-15,-0.9555748,0.5156361,5.410701
RSAD1,-6.3691707,-0.84561765,1.9005303102019621e-10,1.036501236698261e-09,-1.2199684,0.42929214,5.3858833
CCDC124,-10.705944,-0.50262177,9.545308291248946e-27,1.4224622706350137e-25,-0.72512996,0.60494256,5.3810406
CENPF,-10.429333,-0.5143314,1.8216326314138532e-25,2.558839437205164e-24,-0.74202335,0.5979002,5.3641334
PTPRF,-8.023766,-0.66832405,1.0255203003956921e-15,8.400737795432054e-15,-0.9641878,0.5125669,5.3624754
MFHAS1,-7.4328356,-0.7201856,1.0629394253541519e-13,7.590947602639686e-13,-1.0390081,0.4866619,5.353021
CLTB,-10.354855,-0.5167166,3.977888068333703e-25,5.501609919166321e-24,-0.74546444,0.5964758,5.3505254
SLC2A1,-8.575126,-0.6237971,9.89786217348412e-18,9.168008345783398e-17,-0.899949,0.53590566,5.3491387
PINX1,-6.867262,-0.7768666,6.5445898691234836e-12,4.107276796651933e-11,-1.1207817,0.45984462,5.3349466
EMC8,-10.082534,-0.5289378,6.600190597269085e-24,8.654178482815325e-23,-0.763096,0.5892305,5.3330336
MRPL3,-10.2997875,-0.51745194,7.061716936957956e-25,9.667370796577866e-24,-0.74652535,0.5960374,5.329645
BOP1,-8.632038,-0.6160064,6.026838856609193e-18,5.693424262553503e-17,-0.88870937,0.54009706,5.3173904
PHGDH,-6.56516,-0.8062713,5.197711445127533e-11,2.998708238735363e-10,-1.1632036,0.44651988,5.2933
TUBG1,-9.06858,-0.58156776,1.2057820525955855e-19,1.2797768250741845e-18,-0.8390249,0.55902123,5.2739935
CCDC86,-8.743792,-0.6014278,2.2541518665452412e-18,2.183067700969534e-17,-0.8676769,0.5480286,5.2587595
DOHH,-8.364485,-0.62845314,6.037829690069032e-17,5.277873420637183e-16,-0.9066662,0.5334163,5.2566867
CTSH,-9.151074,-0.570942,5.637020861242721e-20,6.095075970047852e-19,-0.8236952,0.56499296,5.2247324
STAT5A,-9.359326,-0.55555683,8.02463425761131e-21,9.052370237252312e-20,-0.80149907,0.5737527,5.199638
B4GALT2,-7.979399,-0.65022033,1.4704710466089035e-15,1.1865129513946168e-14,-0.93806964,0.52193075,5.188368
RUVBL2,-9.8981285,-0.52410406,4.2413677191524004e-23,5.352738604311553e-22,-0.75612235,0.5920856,5.1876493
MCUR1,-10.293106,-0.503502,7.569439739054821e-25,1.0310010922823911e-23,-0.72639984,0.60441023,5.1825995
PRC1,-8.972215,-0.5772269,2.9061145544206276e-19,3.0016224112602823e-18,-0.83276236,0.56145316,5.1790032
ENOPH1,-8.440659,-0.6123467,3.155547310781871e-17,2.844570940757274e-16,-0.8834296,0.5420773,5.1686096
ABCB10,-8.179193,-0.62788767,2.8575113513201e-16,2.419299704886001e-15,-0.9058504,0.533718,5.135614
ANP32E,-10.127436,-0.5061087,4.174550471751071e-24,5.52751543612023e-23,-0.73016053,0.60283685,5.125583
TIMM9,-9.440988,-0.54255694,3.6928289252127766e-21,4.230777195594837e-20,-0.7827442,0.58126014,5.1222734
B4GALT3,-8.784352,-0.5791178,1.572679496221087e-18,1.5378368391014187e-17,-0.83549035,0.56039256,5.0871744
TMEM56,-5.5837464,-0.9102056,2.3539194402144207e-08,1.0568430971991037e-07,-1.3131491,0.4024415,5.0823574
PSMD7,-10.037199,-0.5060271,1.0460243166857838e-23,1.3539644881203647e-22,-0.7300428,0.602886,5.079095
HMGN5,-9.685264,-0.5239876,3.4830808316185682e-22,4.2052083523143764e-21,-0.7559543,0.59215456,5.074958
SSBP4,-9.586334,-0.52723867,9.127001395047118e-22,1.0793380712707991e-20,-0.7606446,0.59023255,5.054286
SLC39A14,-7.083289,-0.71316606,1.407723787880185e-12,9.335127286295776e-12,-1.0288811,0.49009007,5.0515614
PMF1,-9.83913,-0.5127212,7.636810378686307e-23,9.446021045734961e-22,-0.7397003,0.5988637,5.0447307
CCNA2,-9.621155,-0.52124834,6.50961798270145e-22,7.754894461103187e-21,-0.7520024,0.59377885,5.015011
TRMT10C,-9.847517,-0.5090352,7.025851881494172e-23,8.743883766845673e-22,-0.73438257,0.60107523,5.012733
TK1,-9.141985,-0.5459324,6.131660628607373e-20,6.612205994293959e-19,-0.787614,0.5793014,4.990906
WDR77,-8.991682,-0.5541722,2.434758178473044e-19,2.5244597955746823e-18,-0.7995015,0.57454765,4.98294
DHRS11,-7.052974,-0.70576245,1.7513331368595612e-12,1.1537942696912459e-11,-1.0181999,0.493732,4.9777246
SLC25A33,-9.557658,-0.518985,1.2045089159132887e-21,1.4120201036040107e-20,-0.74873704,0.5951243,4.960281
HGH1,-6.465269,-0.76610076,1.0111863063220237e-10,5.675713548410692e-10,-1.1052498,0.46482202,4.9530478
SERPINF1,-8.403163,-0.58873963,4.346095644992555e-17,3.8490586101540424e-16,-0.84937173,0.5550264,4.947275
NBAS,-7.955699,-0.6199471,1.7812310294807755e-15,1.4258674950561174e-14,-0.8943946,0.53797287,4.932112
FTSJ1,-6.387349,-0.7697838,1.6878624622128618e-10,9.25516979449646e-10,-1.1105633,0.46311316,4.9168777
LSM12,-9.012443,-0.5452535,2.0151733152255428e-19,2.105634523554555e-18,-0.78663456,0.5796948,4.914066
ASIC4,-7.9809937,-0.61551416,1.45159555621483e-15,1.1724537307547182e-14,-0.88799924,0.540363,4.9124146
VBP1,-9.5879545,-0.5121664,8.984886534951547e-22,1.0640898613314317e-20,-0.7388999,0.5991961,4.910628
ZMYND19,-8.86893,-0.55222094,7.385200344757822e-19,7.346091525198143e-18,-0.7966864,0.5756699,4.8976088
ATP7B,-5.345629,-0.915611,9.01035392597603e-08,3.737596834451931e-07,-1.3209475,0.40027195,4.894517
SPRYD7,-8.333173,-0.5856017,7.87040587029288e-17,6.84276299401029e-16,-0.84484464,0.55677074,4.87992
COPS8,-8.938144,-0.5444951,3.957626683373884e-19,4.0451729968476055e-18,-0.7855404,0.58013463,4.8667755
THUMPD1,-8.426913,-0.57692957,3.5490135150221394e-17,3.1744609258952183e-16,-0.83233345,0.5616201,4.8617353
RAD23B,-9.402148,-0.5140933,5.346040278115676e-21,6.081685538921171e-20,-0.74167985,0.5980426,4.8335814
CDC45,-9.155023,-0.5278262,5.434663430110059e-20,5.884152349195569e-19,-0.76149225,0.5898859,4.8322606
MXI1,-6.578375,-0.73437494,4.756174550073132e-11,2.751835375425551e-10,-1.0594791,0.47980526,4.8309937
HRSP12,-8.80172,-0.54805076,1.3473565529410561e-18,1.3223084906567326e-17,-0.7906701,0.5780755,4.823789
CFAP20,-8.599048,-0.55890554,8.038037812954813e-18,7.531697379957776e-17,-0.80633026,0.57183456,4.8060555
FGF2,-7.8005133,-0.6153612,6.165589933580579e-15,4.751857814268162e-14,-0.8877786,0.5404456,4.800133
SRPRB,-8.426576,-0.56928164,3.5592721923177744e-17,3.180115209883923e-16,-0.8212998,0.56593186,4.797095
GART,-9.33067,-0.5104369,1.0520308842762973e-20,1.1769049102908108e-19,-0.7364048,0.60023326,4.762718
ICT1,-8.89181,-0.5355464,6.012106388443104e-19,6.039774042220764e-18,-0.77263016,0.5853493,4.761977
HSPBP1,-8.252544,-0.57488,1.5505726359136885e-16,1.3266922860460659e-15,-0.8293765,0.5627724,4.7442226
CORO1C,-9.37348,-0.5053341,7.017995248907348e-21,7.950118881546233e-20,-0.72904295,0.603304,4.7367387
RPF2,-8.637225,-0.5466117,5.7594600424629546e-18,5.4472082860624455e-17,-0.788594,0.57890797,4.7212086
CCNF,-7.2821693,-0.64509547,3.284946731978467e-13,2.281385619448846e-12,-0.93067604,0.5246124,4.6976943
PTS,-8.961769,-0.52220047,3.19509175281544e-19,3.291678072383968e-18,-0.753376,0.5932138,4.67984
CENPH,-9.078132,-0.5149976,1.1045486047674185e-19,1.1754201687360262e-18,-0.7429845,0.597502,4.675216
SPA17,-5.498967,-0.84945405,3.820225254227156e-08,1.65981492083877e-07,-1.2255031,0.42764834,4.6711197
RNF217,-6.494627,-0.7133647,8.323949315740377e-11,4.718072885841055e-10,-1.0291678,0.48999277,4.6330376
KEL,-6.2344313,-0.74188375,4.5342261706563024e-10,2.4037616529942905e-09,-1.070312,0.476216,4.625223
GOT2,-8.965046,-0.51040554,3.101502729293854e-19,3.199340682567875e-18,-0.73635954,0.6002521,4.575809
PLCB4,-5.6547933,-0.8040133,1.5603408144099093e-08,7.124292118704826e-08,-1.159946,0.4475293,4.5465293
AK6,-8.911253,-0.5100316,5.04588841775468e-19,5.1008311326914326e-18,-0.73582006,0.6004766,4.5450206
COA7,-8.750058,-0.51932263,2.132428292555509e-18,2.0726381851950478e-17,-0.7492242,0.5949234,4.544103
PNMT,-7.5347977,-0.60142624,4.8909249703647525e-14,3.565343049245136e-13,-0.86767465,0.5480294,4.5316253
CMAS,-8.579007,-0.5271932,9.569576513291029e-18,8.894530437037013e-17,-0.760579,0.59025943,4.5227942
MRPS2,-8.520236,-0.5295749,1.5922816670506952e-17,1.4564959257948433e-16,-0.764015,0.58885527,4.512103
NDUFAF5,-7.182241,-0.62802535,6.857796676368034e-13,4.670356134487741e-12,-0.9060491,0.5336445,4.5106297
CPNE7,-6.9688597,-0.64708644,3.1952032706094503e-12,2.0531151007726757e-11,-0.9335484,0.523569,4.5094547
SRRD,-7.8223433,-0.5752066,5.184892394739679e-15,4.00750008347487e-14,-0.8298477,0.56258863,4.4994636
GLCE,-6.742747,-0.6649066,1.554200877253264e-11,9.368119765354188e-11,-0.9592575,0.51432157,4.483297
MANEAL,-6.732408,-0.66280997,1.6687808013034784e-11,1.0036293769268947e-10,-0.95623267,0.51540107,4.462307
HECTD3,-5.3192005,-0.8366621,1.0422424405925237e-07,4.288432089997868e-07,-1.2070483,0.43315396,4.4503736
LINC01011,-5.8604684,-0.7589022,4.615632913529662e-09,2.2203970841321667e-08,-1.0948644,0.4681801,4.447522
HIST1H4C,-8.3383255,-0.5326369,7.535002507878842e-17,6.56528751414643e-16,-0.76843256,0.5870549,4.4413
COLEC11,-5.7578073,-0.7709458,8.521346623859871e-09,3.992280549937134e-08,-1.1122397,0.46257538,4.438957
RNF144A,-6.7993865,-0.65247095,1.0506567291526651e-11,6.477980459058073e-11,-0.9413166,0.52075744,4.4364023
SAP30,-8.130822,-0.5444251,4.2638942940925527e-16,3.572559565703895e-15,-0.7854394,0.5801753,4.4266233
MOB3B,-6.657604,-0.65959185,2.7832739361262657e-11,1.639715797380879e-10,-0.9515899,0.5170623,4.3913016
IMP4,-8.771121,-0.5002906,1.7689660815641058e-18,1.725596502511266e-17,-0.7217667,0.6063545,4.388109
WIPF3,-5.526719,-0.79237956,3.262744531917072e-08,1.433017269401533e-07,-1.143162,0.45276612,4.379259
RHCE,-5.326482,-0.820677,1.0013340957592153e-07,4.13063099665331e-07,-1.1839867,0.44013357,4.371321
DNMT3B,-5.1242433,-0.8524591,2.9873503852087676e-07,1.1617154097896589e-06,-1.2298385,0.42636517,4.3682075
GALNT2,-7.9635696,-0.5462067,1.6714580210412409e-15,1.3419847351839068e-14,-0.7880097,0.5791425,4.3497553
HRAS,-8.3758335,-0.5172421,5.483457769775771e-17,4.82460658022646e-16,-0.74622256,0.59616244,4.3323336
MAGEA6,-7.966722,-0.543188,1.6293836435534283e-15,1.309505640694631e-14,-0.7836546,0.58089346,4.3274274
BAG2,-8.592882,-0.5028725,8.481429841056617e-18,7.919596396094138e-17,-0.7254917,0.60479087,4.3211246
PPAT,-7.892421,-0.5474426,2.9638025041397165e-15,2.321884852176187e-14,-0.7897927,0.5784272,4.3206472
COMTD1,-7.5996466,-0.56721187,2.969406186807817e-14,2.200357226683187e-13,-0.8183137,0.5671044,4.31061
WRN,-7.768829,-0.5540934,7.921502449706923e-15,6.076160995848321e-14,-0.7993878,0.57459295,4.304657
SLC35F2,-6.5118523,-0.66090715,7.422973957601142e-11,4.2222084968693254e-10,-0.95348746,0.5163827,4.3037295
MEX3A,-6.745274,-0.63737196,1.5273823955509612e-11,9.234032641366103e-11,-0.9195334,0.52867997,4.2992487
RPF1,-8.52228,-0.5038159,1.5644287875783443e-17,1.4326407389195337e-16,-0.72685266,0.6042206,4.29366
AUNIP,-6.2269583,-0.6880976,4.755774031165981e-10,2.5138996629402895e-09,-0.992715,0.5025312,4.284755
MINA,-6.7209873,-0.6374399,1.8049758106500616e-11,1.081512583280456e-10,-0.91963136,0.5286441,4.2842255
PDCD2L,-6.745006,-0.63390493,1.5302084159746593e-11,9.244198486033899e-11,-0.9145315,0.5305161,4.2756925
CDC25A,-7.178681,-0.5948819,7.038709788181509e-13,4.781468373350887e-12,-0.85823315,0.55162776,4.2704673
MED31,-6.5942936,-0.6471859,4.272854898027834e-11,2.48823713131729e-10,-0.9336919,0.5235169,4.267734
NLE1,-6.701405,-0.6318309,2.064249890469002e-11,1.2295683160264106e-10,-0.91153926,0.5316176,4.2341547
RP11-445F12.1,-5.272571,-0.79990757,1.345258059067145e-07,5.451906343745776e-07,-1.1540227,0.44937053,4.2175694
SPRY1,-6.7297916,-0.62345785,1.6990623413208244e-11,1.0203216751560074e-10,-0.89945954,0.5360875,4.1957417
MYO19,-7.4780617,-0.56050754,7.542678876816724e-14,5.424952563494985e-13,-0.80864143,0.5709192,4.1915097
GNA11,-6.84848,-0.6094386,7.463872592292786e-12,4.65886390478739e-11,-0.879234,0.543656,4.173728
KLHDC10,-8.067677,-0.51634204,7.164860072853417e-16,5.935443570096108e-15,-0.7449241,0.59669924,4.1656804
ERCC8,-5.792097,-0.7184672,6.951299123493753e-09,3.289141360308087e-08,-1.0365291,0.48749894,4.161432
NOC3L,-6.4641395,-0.6423265,1.0187673196798969e-10,5.710328689142629e-10,-0.9266812,0.52606714,4.1520877
SLC25A17,-7.1805854,-0.57751673,6.941353764998808e-13,4.723278379098177e-12,-0.83318055,0.56129044,4.1469083
EXOSC5,-8.00012,-0.51726663,1.2429767134285253e-15,1.0140932236729494e-14,-0.746258,0.59614784,4.138195
KIF21A,-6.3655534,-0.64724404,1.9458669590749384e-10,1.0583681769998838e-09,-0.9337758,0.5234865,4.1200666
FEN1,-8.0067835,-0.51144105,1.1774715723626606e-15,9.616216268931455e-15,-0.73785347,0.5996309,4.094998
FRMD4A,-5.258041,-0.7751605,1.4559803630423796e-07,5.86824021571522e-07,-1.1183202,0.46062985,4.0758257
AASDHPPT,-7.6668983,-0.5315371,1.7620562621951463e-14,1.3239707020721688e-13,-0.76684594,0.5877009,4.075241
CEP290,-6.891038,-0.59112364,5.538667760879373e-12,3.489533502700678e-11,-0.85281116,0.55370474,4.0734553
IQSEC1,-6.1933117,-0.65463984,5.89130332541639e-10,3.0898738285317e-09,-0.94444567,0.5196292,4.0543885
CREM,-7.8427253,-0.51370096,4.408722666801276e-15,3.417394719746056e-14,-0.74111384,0.5982773,4.0288157
PSAT1,-5.7892194,-0.69574773,7.071430925898489e-09,3.3440250344544555e-08,-1.0037518,0.4987014,4.0278363
CENPM,-8.035768,-0.50094855,9.299459562044553e-16,7.656649835130872e-15,-0.722716,0.60595566,4.025506
SDCCAG3,-7.591979,-0.5284989,3.150556588058302e-14,2.3303155276325005e-13,-0.76246274,0.5894892,4.0123525
KIF9,-7.9735355,-0.5025397,1.541981854491291e-15,1.241733543242887e-14,-0.7250115,0.6049922,4.007018
NOS3,-5.8900695,-0.67771417,3.8603367642737775e-09,1.876049340856757e-08,-0.97773486,0.5077764,3.9917836
DUSP14,-6.834369,-0.58301795,8.23665463255541e-12,5.125382085296614e-11,-0.8411171,0.5582112,3.9845598
CDC42EP4,-5.261611,-0.7568589,1.4279865775095128e-07,5.764041772385974e-07,-1.0919166,0.46913773,3.982297
LDB1,-5.8908644,-0.6734116,3.8418089712290594e-09,1.868169239049796e-08,-0.9715276,0.50996584,3.9669764
DPH7,-6.6860485,-0.59274143,2.292773266691904e-11,1.358674224143104e-10,-0.8551451,0.5528097,3.963098
PPAN,-7.3949246,-0.5321359,1.4148830278525492e-13,1.0033371568011448e-12,-0.76770985,0.5873491,3.9351048
RAI14,-6.7974844,-0.57445836,1.0646177607832595e-11,6.554053089821941e-11,-0.82876825,0.56300974,3.9048717
F2R,-5.651463,-0.6907163,1.590878475554155e-08,7.255519732948002e-08,-0.99649304,0.50121695,3.9035578
PUS1,-7.7220488,-0.50538296,1.1447446464515842e-14,8.706311214114355e-14,-0.72911346,0.6032745,3.9025917
ZNF778,-5.572032,-0.6972622,2.517853451339356e-08,1.1260632517424129e-07,-1.0059367,0.49794674,3.8851674
TWISTNB,-7.616423,-0.5098217,2.608018831441553e-14,1.9432627399957035e-13,-0.73551726,0.6006027,3.8830178
SYNGR3,-7.1216993,-0.54463017,1.0660449443675984e-12,7.163431793391924e-12,-0.78573525,0.5800563,3.8786924
RRAS2,-6.8516197,-0.56551504,7.301849040938107e-12,4.561255584196217e-11,-0.81586576,0.5680675,3.874694
DDX10,-7.1884537,-0.5371088,6.55291178076369e-13,4.4664867893019686e-12,-0.77488416,0.5844356,3.8609815
CISH,-6.5722814,-0.5847257,4.9550139046056805e-11,2.862778777360521e-10,-0.84358084,0.5572587,3.8429816
ATAD3B,-6.923508,-0.55455154,4.405930883961913e-12,2.8021026574614465e-11,-0.80004877,0.5743298,3.839442
SURF2,-7.5888677,-0.5044929,3.227132964197747e-14,2.3847715417955353e-13,-0.7278294,0.6038117,3.8285296
PNPT1,-6.8300586,-0.55908704,8.488003474128179e-12,5.2736618508102544e-11,-0.8065921,0.57173085,3.8185973
NAV1,-5.8059506,-0.6549015,6.40019027570776e-09,3.042633128716396e-08,-0.94482315,0.5194932,3.8023257
NAF1,-6.4714484,-0.5865161,9.706776105486061e-11,5.459723579666498e-10,-0.84616387,0.5562619,3.7956085
GGH,-7.405748,-0.5117214,1.3041338345288343e-13,9.272437483705452e-13,-0.7382579,0.5994628,3.7896795
POLR3D,-7.39404,-0.5113864,1.4243316862122987e-13,1.0091514938190119e-12,-0.7377746,0.5996636,3.7812116
GCAT,-7.27418,-0.5158863,3.485307883656127e-13,2.408112213540679e-12,-0.7442666,0.5969713,3.7526498
PBK,-7.353097,-0.508855,1.9366657651729157e-13,1.3625826990680871e-12,-0.7341226,0.60118353,3.74166
CTC-524C5.2,-5.112141,-0.73141474,3.185280723782881e-07,1.230392750167113e-06,-1.0552084,0.48122773,3.7390954
SUN1,-5.9674544,-0.6259506,2.4098331225308633e-09,1.1935406690359354e-08,-0.9030558,0.53475285,3.7353315
PFAS,-6.4151363,-0.58215594,1.4069702620642762e-10,7.76236257287784e-10,-0.8398735,0.5586926,3.7346098
ENDOD1,-5.0286775,-0.7424072,4.938746577983272e-07,1.8568751897718792e-06,-1.0710672,0.4759668,3.7333264
NUP35,-5.042232,-0.73947203,4.6013232403225045e-07,1.7391150122641492e-06,-1.0668327,0.47736588,3.7285895
SLC7A1,-6.2726045,-0.5924492,3.550576009642763e-10,1.9017242990639654e-09,-0.8547235,0.55297124,3.7161994
SYTL4,-5.6561007,-0.6531795,1.5485041461019687e-08,7.074246599584616e-08,-0.9423389,0.52038854,3.6944492
BTG3,-6.479385,-0.56817836,9.209726324447138e-11,5.190995081825509e-10,-0.8197081,0.5665566,3.6814463
CHCHD6,-6.729841,-0.54694504,1.6984827216066113e-11,1.0203216751560074e-10,-0.7890749,0.5787151,3.6808534
LAP3,-7.0182724,-0.52117187,2.2462837387586572e-12,1.461984992582891e-11,-0.7518921,0.59382427,3.657726
WNK4,-5.117735,-0.7139924,3.0922712104511955e-07,1.1984776663538534e-06,-1.0300733,0.48968527,3.654024
XBP1,-6.675366,-0.54500014,2.4661565438247042e-11,1.4582098392732166e-10,-0.786269,0.57984173,3.6380754
TRAF4,-7.264322,-0.5002469,3.7491412399977827e-13,2.581569803534705e-12,-0.7217037,0.606381,3.6339543
AGAP1,-4.928607,-0.73685664,8.281802521438568e-07,3.0063873692431153e-06,-1.0630594,0.478616,3.6316767
RBM18,-6.9614134,-0.52163386,3.3687607675552746e-12,2.1611978331647302e-11,-0.7525586,0.59354997,3.631309
TPST2,-7.121083,-0.5088129,1.0708228591912128e-12,7.183863931438647e-12,-0.73406184,0.60120887,3.623299
DPCD,-6.2466874,-0.57951784,4.1924922447155115e-10,2.2292797801558386e-09,-0.8360675,0.56016845,3.620067
ARL1,-6.792964,-0.5315768,1.0985269885001738e-11,6.74737831643795e-11,-0.7669032,0.5876776,3.6109822
DPH2,-6.7428308,-0.5342906,1.5533009550463894e-11,9.368119765354188e-11,-0.7708184,0.5860849,3.602631
GNL3L,-5.4056225,-0.6607105,6.458378205603105e-08,2.7268332862862665e-07,-0.9532038,0.51648426,3.5715516
SCAI,-6.3552246,-0.5609914,2.0812256598205837e-10,1.1312287788944046e-09,-0.8093395,0.57064307,3.5652263
LHX6,-5.4791646,-0.6456671,4.273381688736829e-08,1.846586969768598e-07,-0.9315007,0.5243127,3.5377162
SLC27A4,-5.204573,-0.6781128,1.9444326346959522e-07,7.755645624908249e-07,-0.97831,0.50757396,3.5292878
ARG2,-4.708315,-0.74932635,2.4977300579736253e-06,8.548375287395327e-06,-1.0810494,0.4726849,3.5280645
TSR1,-6.9398785,-0.5071546,3.924377026747624e-12,2.5096748412542006e-11,-0.7316694,0.6022067,3.519591
HOXC8,-5.427058,-0.64791393,5.729048849481996e-08,2.434167677920362e-07,-0.9347422,0.5231359,3.5162666
TAL1,-6.5366244,-0.53732634,6.292283302225757e-11,3.6095718914827726e-10,-0.77519804,0.58430845,3.5123005
RPP30,-6.759128,-0.5190791,1.388246498518475e-11,8.437070706195427e-11,-0.7488728,0.5950683,3.508522
MPP6,-6.906278,-0.5065148,4.975332459276554e-12,3.1419671832350844e-11,-0.7307464,0.6025921,3.498132
PHF10,-6.7616806,-0.5146857,1.3640016534822372e-11,8.302216544970633e-11,-0.7425345,0.59768844,3.4801402
CAMK1,-4.863182,-0.7140614,1.1551337239756657e-06,4.117394125574339e-06,-1.0301728,0.4896515,3.4726105
PMAIP1,-5.438703,-0.6383099,5.366988057383646e-08,2.2875547514241534e-07,-0.9208865,0.52818435,3.471578
MYRF,-5.1601777,-0.67224157,2.4671549376473e-07,9.701942800900335e-07,-0.9698396,0.51056284,3.468886
AMDHD2,-6.488378,-0.5343542,8.676529593539775e-11,4.907586101331986e-10,-0.77091014,0.58604765,3.467092
AC018890.6,-4.934273,-0.69924897,8.044988924183897e-07,2.923048832237217e-06,-1.008803,0.49695837,3.4502852
EXOSC2,-6.694963,-0.514794,2.157260658772278e-11,1.2811907603605655e-10,-0.74269074,0.5976237,3.4465268
GALNT5,-5.1117992,-0.67260796,3.1910505287400555e-07,1.2320322715407948e-06,-0.97036815,0.5103758,3.438237
HIST2H2AC,-6.2483034,-0.54885024,4.149354203600611e-10,2.2077953822452e-09,-0.7918235,0.5776136,3.4293828
ITM2A,-5.911043,-0.5789225,3.399479182603778e-09,1.6610764281845564e-08,-0.83520865,0.560502,3.422036
SLC37A3,-5.622724,-0.6045805,1.8796962033617984e-08,8.515034343552017e-08,-0.87222534,0.5463035,3.3993895
TM2D3,-6.4542646,-0.52352566,1.0874570316881262e-10,6.086895665242546e-10,-0.7552879,0.59242815,3.378973
TEAD4,-5.8562818,-0.57696193,4.733451053044828e-09,2.2730133267207533e-08,-0.8323801,0.561602,3.3788517
SDE2,-5.8192677,-0.5757171,5.910590864920672e-09,2.8198371184857805e-08,-0.83058417,0.5623015,3.350252
SLC18B1,-4.874879,-0.68677205,1.0887514938989726e-06,3.894528705147033e-06,-0.99080265,0.5031977,3.3479307
GTF2H1,-6.046322,-0.5506096,1.4818992273685785e-09,7.480812537160004e-09,-0.7943617,0.5765982,3.3291628
KNSTRN,-6.242673,-0.5286467,4.3015562040057955e-10,2.285767727615448e-09,-0.762676,0.5894021,3.3001685
OSBPL6,-5.7630854,-0.57246715,8.25900249269784e-09,3.8761163935805025e-08,-0.8258955,0.5641319,3.299177
APEX2,-5.72575,-0.5752756,1.0297789236319699e-08,4.78568720723557e-08,-0.82994723,0.5625498,3.2938843
USP21,-4.6602035,-0.7060035,3.1589732234627194e-06,1.0684684558588102e-05,-1.0185478,0.49361297,3.29012
NOP2,-5.733179,-0.569439,9.856552435074053e-09,4.585908641595226e-08,-0.8215268,0.5658428,3.2646956
CAPN2,-5.5541945,-0.5859657,2.7889485674370696e-08,1.2377108559994073e-07,-0.8453698,0.55656815,3.2545674
ALG14,-5.2411513,-0.6209348,1.5957776226652528e-07,6.415677380919486e-07,-0.89581954,0.5374418,3.2544131
DHX33,-6.2980046,-0.5116641,3.015015279805735e-10,1.6245682731815158e-09,-0.7381753,0.59949714,3.222463
CDC6,-6.367523,-0.5046805,1.921048771357113e-10,1.0469845429319433e-09,-0.72810006,0.60369843,3.2135649
PPT2,-6.3330836,-0.50693077,2.403090024698734e-10,1.2991805976902057e-09,-0.7313465,0.6023415,3.210435
DPP10-AS1,-5.727924,-0.55843395,1.0166720563800741e-08,4.727495796995889e-08,-0.8056499,0.57210433,3.198667
PDE9A,-4.996216,-0.6387122,5.846627758868092e-07,2.1721808835500267e-06,-0.92146695,0.5279719,3.1911442
JMJD4,-6.0759015,-0.524545,1.2329289520953768e-09,6.278920016440327e-09,-0.7567585,0.59182453,3.187084
TMEM201,-4.94314,-0.643572,7.687430928115464e-07,2.800533252670554e-06,-0.92847806,0.5254123,3.1812663
NUDT9,-5.867659,-0.5418668,4.4199109646636265e-09,2.130048977421725e-08,-0.78174853,0.58166146,3.1794896
RAP1GAP,-4.541613,-0.69841737,5.582537441731673e-06,1.8304810565568112e-05,-1.0076033,0.49737185,3.1719415
KIF23,-5.5448813,-0.56934303,2.9415391002295967e-08,1.3004275485798824e-07,-0.82138836,0.5658971,3.1569395
EFNA3,-4.8011794,-0.65663314,1.577338624487594e-06,5.531986135469516e-06,-0.94732136,0.51859444,3.1526134
SACS,-4.530303,-0.69450206,5.889914632005762e-06,1.9244676570675787e-05,-1.0019547,0.499323,3.1463048
C1GALT1,-5.5151563,-0.5699068,3.484704307127074e-08,1.5205811285070437e-07,-0.82220167,0.56557816,3.1431248
SOCS1,-6.1580915,-0.510047,7.362684213417689e-10,3.80963487455315e-09,-0.7358423,0.6004674,3.1409163
SNTB2,-4.5516005,-0.68041545,5.323933656157969e-06,1.7537280644693277e-05,-0.981632,0.50640655,3.0969794
CLCC1,-5.5164547,-0.56041926,3.459068130661056e-08,1.5102104481810456e-07,-0.80851406,0.57096964,3.0915275
WNK2,-5.0465274,-0.6101106,4.4991257848119996e-07,1.70287905173039e-06,-0.8802035,0.5432908,3.0789397
RTN4IP1,-4.6406746,-0.66115826,3.472734012023523e-06,1.1687196922964163e-05,-0.95384973,0.516253,3.0682204
SUV39H2,-5.7574644,-0.53274214,8.538679382885643e-09,3.998081934815498e-08,-0.76858443,0.58699316,3.0672438
TMEM74B,-5.237994,-0.5813481,1.623312493426391e-07,6.519888120042247e-07,-0.83870804,0.5591441,3.045098
HES4,-5.939486,-0.50978357,2.859171732130129e-09,1.403009117886698e-08,-0.73546225,0.6006256,3.0278523
RPP40,-5.8818946,-0.5096827,4.055962194173972e-09,1.966386953321919e-08,-0.7353167,0.60068613,2.9979
FAM92A1,-5.543064,-0.54040825,2.9722408916064757e-08,1.3125636785951615e-07,-0.7796443,0.5825104,2.9955175
KRBA1,-4.527635,-0.6564005,5.9647429446244655e-06,1.9457685284221245e-05,-0.9469857,0.5187151,2.971942
HIST1H1D,-5.4790874,-0.5378575,4.275247781932993e-08,1.846586969768598e-07,-0.7759643,0.58399814,2.946968
INF2,-4.7959747,-0.61262,1.6188576234200864e-06,5.6628466974292065e-06,-0.8838238,0.5419291,2.93811
PSRC1,-5.361663,-0.5476253,8.245922534576533e-08,3.433109088235807e-07,-0.7900563,0.5783216,2.9361823
TXK,-4.38716,-0.66716146,1.1484050184444498e-05,3.566192746626613e-05,-0.9625105,0.51316315,2.926944
FAM210A,-5.2156553,-0.5593626,1.8316870098337702e-07,7.324027712092754e-07,-0.8069896,0.57157326,2.9174426
GFPT1,-5.105146,-0.56901294,3.30538955781592e-07,1.2743499502854024e-06,-0.8209121,0.5660839,2.904894
HIST1H1E,-5.574878,-0.520697,2.4770333106214646e-08,1.1096504742035257e-07,-0.751207,0.5941063,2.9028223
BICD1,-5.622487,-0.5156311,1.882278524588292e-08,8.521952714741948e-08,-0.7438984,0.5971236,2.8991292
PROSER2,-4.594235,-0.63080573,4.343400499742775e-06,1.4472626170141252e-05,-0.9100603,0.53216285,2.8980696
TLCD1,-5.075135,-0.5695146,3.872205361777145e-07,1.4766667944794145e-06,-0.82163584,0.5658,2.8903635
DVL1,-5.77104,-0.500813,7.878386909059157e-09,3.706099654308142e-08,-0.7225204,0.6060378,2.8902118
GEMIN2,-4.896652,-0.587618,9.748320694784478e-07,3.5134844378301754e-06,-0.8477536,0.5556493,2.877361
CCDC138,-4.8372784,-0.5942259,1.3162907988540005e-06,4.656890399624951e-06,-0.85728675,0.5519897,2.874436
C4orf32,-5.0265474,-0.56787443,4.993894291100536e-07,1.8740722040528404e-06,-0.8192696,0.5667288,2.8544478
ATP7A,-4.541553,-0.627408,5.584134360970636e-06,1.8304810565568112e-05,-0.90515846,0.5339741,2.8494067
RNF25,-4.3068247,-0.6508802,1.656146470844486e-05,5.015633687668135e-05,-0.93902165,0.5215865,2.803227
MYBBP1A,-5.3274145,-0.52580136,9.962069792307242e-08,4.111580874423382e-07,-0.758571,0.5910815,2.8011618
KBTBD6,-5.097023,-0.5456142,3.4503650535410593e-07,1.3251830022563545e-06,-0.78715485,0.5794858,2.781008
UGCG,-5.371052,-0.5170139,7.827875291320926e-08,3.272554281987532e-07,-0.7458934,0.5962985,2.7769084
DHRS13,-5.186009,-0.530942,2.1484842349735516e-07,8.535812673822614e-07,-0.7659874,0.5880507,2.7534702
FBXW9,-4.990075,-0.5486243,6.035580264426609e-07,2.235184859962115e-06,-0.7914975,0.57774407,2.7376764
AGK,-4.7579746,-0.5690644,1.9554529387281323e-06,6.769907152210512e-06,-0.82098633,0.5660548,2.707594
CXorf40B,-4.909342,-0.54874814,9.138248330527468e-07,3.3094324400060236e-06,-0.7916762,0.57767254,2.6939921
KIF18A,-4.707464,-0.570305,2.5081753552614126e-06,8.58048807473377e-06,-0.8227762,0.565353,2.6846902
GOT1,-5.104408,-0.52285594,3.318321723022474e-07,1.2775123003495125e-06,-0.7543217,0.59282506,2.66887
NSDHL,-5.2871776,-0.5028489,1.2421801286991112e-07,5.062103380172917e-07,-0.72545767,0.6048052,2.6586516
C5orf45,-4.9501505,-0.5362347,7.415608239559034e-07,2.707769789824517e-06,-0.7736231,0.58494663,2.6544423
ALDH1B1,-4.5389347,-0.5823312,5.653913572144624e-06,1.8511009291533088e-05,-0.8401263,0.55859464,2.6431632
LRFN1,-4.1910424,-0.6250938,2.7767570116955754e-05,8.17938234262041e-05,-0.90181977,0.5352112,2.6197946
AXL,-4.3685465,-0.59373474,1.2507608376479374e-05,3.858821728679293e-05,-0.8565782,0.5522609,2.5937579
ARL4D,-4.467182,-0.5791604,7.925668521145696e-06,2.5232804353683006e-05,-0.8355518,0.5603687,2.587215
PPP1R16A,-4.968053,-0.5198174,6.762859024810748e-07,2.4828914701543825e-06,-0.749938,0.5946291,2.5824804
TEAD2,-4.788113,-0.5375575,1.68356736880095e-06,5.873941096244178e-06,-0.77553153,0.5841734,2.573886
CBX6,-4.976856,-0.5039229,6.462527340162095e-07,2.378033408951674e-06,-0.72700703,0.60415596,2.5079517
TUBD1,-4.684755,-0.5334328,2.8029537384382013e-06,9.520377352971131e-06,-0.76958084,0.5865879,2.4990017
ATL2,-4.650905,-0.5326832,3.304809558235509e-06,1.1163925889530826e-05,-0.7684994,0.5870278,2.477459
DNAJC25,-4.6930137,-0.5242514,2.692097315512384e-06,9.159254430241585e-06,-0.7563349,0.5919984,2.460319
FAM95B1,-4.0627065,-0.60482466,4.850700310100277e-05,0.00013644813747181993,-0.87257755,0.54617023,2.457225
ZNF521,-4.433428,-0.5423801,9.27465516811091e-06,2.9193838578656205e-05,-0.78248906,0.5813629,2.404603
EEF2KMT,-4.705993,-0.5109454,2.5263298831046894e-06,8.624330712526025e-06,-0.7371384,0.59992814,2.4045055
CECR5,-4.5582848,-0.52387786,5.15730615030006e-06,1.7030074315606533e-05,-0.755796,0.59221953,2.3879845
NEIL2,-4.0963135,-0.5824038,4.1978151652068816e-05,0.00011926429827207277,-0.84023106,0.5585541,2.3857083
ZNF232,-4.4559965,-0.5335817,8.350430868096986e-06,2.6470341492001315e-05,-0.76979566,0.5865006,2.377638
MMGT1,-4.2975645,-0.5509153,1.7268506780424603e-05,5.216070653159668e-05,-0.7948028,0.576422,2.367594
FECH,-4.5037093,-0.52560014,6.677752320515724e-06,2.1600402680338608e-05,-0.7582807,0.5912004,2.3671503
FBXO21,-4.1853724,-0.56232136,2.8469903501985374e-05,8.349724422132748e-05,-0.81125826,0.5698846,2.3535242
MAST1,-4.6249785,-0.50797224,3.746368165848765e-06,1.2566202523073286e-05,-0.732849,0.60171443,2.3493607
PAM16,-4.3235655,-0.5343531,1.5352744315061863e-05,4.682934887943907e-05,-0.77090853,0.5860483,2.3103106
C5orf30,-4.571868,-0.5049981,4.833960206102852e-06,1.602787216120392e-05,-0.72855824,0.60350674,2.3087845
CHAC2,-4.486566,-0.51251775,7.238022918687558e-06,2.3225533561244617e-05,-0.7394068,0.5989856,2.2994447
LRP3,-4.058845,-0.5630798,4.931597963082394e-05,0.00013849971052787378,-0.8123524,0.5694526,2.2854536
E2F5,-4.53666,-0.50320804,5.71520297570116e-06,1.869651455436949e-05,-0.72597575,0.604588,2.282884
PIP4K2C,-4.548381,-0.50080264,5.4060282860907485e-06,1.778594316364765e-05,-0.72250545,0.606044,2.277841
RNMTL1,-4.526074,-0.5015096,6.0089509792699466e-06,1.9593983471765587e-05,-0.7235254,0.60561574,2.2698696
MFSD13A,-4.134682,-0.54753834,3.5544619412559646e-05,0.00010220501637424146,-0.7899308,0.5783718,2.263897
ENO2,-4.0411053,-0.5544861,5.3199830627863986e-05,0.00014852921948885496,-0.79995435,0.5743673,2.2407367
CHRNA5,-4.1002817,-0.5428851,4.126478110820324e-05,0.00011748171907330193,-0.78321767,0.5810694,2.225982
IFT46,-4.169935,-0.5324028,3.04686372856973e-05,8.890721942072872e-05,-0.7680949,0.58719236,2.2200851
PRPF39,-4.166065,-0.53093064,3.099021595369519e-05,9.023358841312042e-05,-0.765971,0.58805746,2.2118917
TAF4B,-3.7810342,-0.5827554,0.00015617819244757159,0.0003999528409635497,-0.8407383,0.5583578,2.203418
HIST1H1B,-3.91707,-0.55886996,8.963179897509584e-05,0.00024027747770389944,-0.80627894,0.5718549,2.1891327
USP2,-4.0388103,-0.51294154,5.372304868449143e-05,0.00014993817008453257,-0.7400182,0.59873176,2.0716736
USP6NL,-4.037623,-0.50250584,5.399551904971645e-05,0.00015060723256926357,-0.72496265,0.60501266,2.028929
FAM212A,-3.8636806,-0.51273,0.00011169125650467972,0.0002943328805182049,-0.739713,0.5988585,1.981025
CNN1,-3.7415323,-0.51574683,0.00018290158915264617,0.00046295710924033944,-0.7440654,0.5970545,1.9296834
